{
  "module_names": [
    {
      "branches": 22,
      "branches_missing": 3,
      "branches_partial": 3,
      "coverage": 95.94594594594595,
      "lines": [
        4,
        5,
        6,
        7,
        9,
        11,
        12,
        13,
        15,
        17,
        18,
        20,
        21,
        22,
        23,
        25,
        26,
        28,
        29,
        31,
        32,
        33,
        34,
        36,
        37,
        39,
        41,
        42,
        44,
        45,
        47,
        48,
        50,
        51,
        52,
        53,
        54,
        55,
        56,
        58,
        59,
        61,
        62,
        65,
        66,
        67,
        68,
        70,
        71,
        73,
        75,
        76,
        77,
        78,
        79,
        80,
        81,
        83,
        84,
        86,
        87,
        91,
        92,
        93,
        95,
        97,
        98,
        100,
        101,
        102,
        103,
        104,
        105,
        106
      ],
      "lines_not_covered": [
        22,
        59,
        84
      ],
      "module": "app",
      "sum_lines": 74,
      "sum_lines_not_covered": 3
    },
    {
      "branches": 4,
      "branches_missing": 1,
      "branches_partial": 1,
      "coverage": 91.66666666666667,
      "lines": [
        2,
        5,
        7,
        9,
        10,
        12,
        14,
        21,
        27,
        28,
        30,
        31
      ],
      "lines_not_covered": [
        31
      ],
      "module": "initdb",
      "sum_lines": 12,
      "sum_lines_not_covered": 1
    }
  ],
  "overall_branch_coverage": 84.61538461538461,
  "overall_branch_partial_coverage": 84.61538461538461,
  "overall_coverage": 95.34883720930233
}