{
  "module_names": [
    {
      "branches": 22,
      "branches_missing": 3,
      "branches_partial": 3,
      "coverage": 95.89041095890411,
      "lines": [
        2,
        3,
        4,
        6,
        7,
        8,
        9,
        11,
        12,
        13,
        15,
        16,
        17,
        18,
        20,
        21,
        23,
        24,
        25,
        26,
        27,
        28,
        30,
        31,
        32,
        34,
        35,
        36,
        37,
        39,
        40,
        41,
        42,
        43,
        44,
        45,
        46,
        47,
        49,
        50,
        52,
        53,
        55,
        56,
        57,
        58,
        60,
        61,
        62,
        64,
        65,
        66,
        67,
        68,
        69,
        70,
        72,
        73,
        75,
        76,
        79,
        80,
        81,
        83,
        85,
        86,
        87,
        88,
        89,
        90,
        91,
        92,
        93
      ],
      "lines_not_covered": [
        17,
        50,
        73
      ],
      "module": "app",
      "sum_lines": 73,
      "sum_lines_not_covered": 3
    },
    {
      "branches": 4,
      "branches_missing": 1,
      "branches_partial": 1,
      "coverage": 91.66666666666667,
      "lines": [
        1,
        3,
        4,
        6,
        7,
        9,
        11,
        16,
        21,
        22,
        24,
        25
      ],
      "lines_not_covered": [
        25
      ],
      "module": "initdb",
      "sum_lines": 12,
      "sum_lines_not_covered": 1
    }
  ],
  "overall_branch_coverage": 84.61538461538461,
  "overall_branch_partial_coverage": 84.61538461538461,
  "overall_coverage": 95.29411764705883
}